Regio's (naam),Perioden (jaar),Bevolking|Bevolkingssamenstelling op 1 januari|Totale bevolking (aantal),Bevolking|Bevolkingssamenstelling op 1 januari|Geslacht|Mannen (aantal),Bevolking|Bevolkingssamenstelling op 1 januari|Geslacht|Vrouwen (aantal),Bevolking|Bevolkingssamenstelling op 1 januari|Leeftijd|Leeftijdsgroepen|Jonger dan 5 jaar (aantal),Bevolking|Bevolkingssamenstelling op 1 januari|Leeftijd|Leeftijdsgroepen|5 tot 10 jaar (aantal),Bevolking|Bevolkingssamenstelling op 1 januari|Leeftijd|Leeftijdsgroepen|10 tot 15 jaar (aantal),Bevolking|Bevolkingssamenstelling op 1 januari|Leeftijd|Leeftijdsgroepen|15 tot 20 jaar (aantal),Bevolking|Bevolkingssamenstelling op 1 januari|Leeftijd|Leeftijdsgroepen|20 tot 25 jaar (aantal),Bevolking|Bevolkingssamenstelling op 1 januari|Leeftijd|Leeftijdsgroepen|25 tot 45 jaar (aantal),Bevolking|Bevolkingssamenstelling op 1 januari|Leeftijd|Leeftijdsgroepen|45 tot 65 jaar (aantal),Bevolking|Bevolkingssamenstelling op 1 januari|Leeftijd|Leeftijdsgroepen|65 tot 80 jaar (aantal),Bevolking|Bevolkingssamenstelling op 1 januari|Leeftijd|Leeftijdsgroepen|80 jaar of ouder (aantal),"Bevolking|Bevolkingssamenstelling op 1 januari|Leeftijd|Leeftijdsgroepen, relatief|Jonger dan 5 jaar (%)","Bevolking|Bevolkingssamenstelling op 1 januari|Leeftijd|Leeftijdsgroepen, relatief|5 tot 10 jaar (%)","Bevolking|Bevolkingssamenstelling op 1 januari|Leeftijd|Leeftijdsgroepen, relatief|10 tot 15 jaar (%)","Bevolking|Bevolkingssamenstelling op 1 januari|Leeftijd|Leeftijdsgroepen, relatief|15 tot 20 jaar (%)","Bevolking|Bevolkingssamenstelling op 1 januari|Leeftijd|Leeftijdsgroepen, relatief|20 tot 25 jaar (%)","Bevolking|Bevolkingssamenstelling op 1 januari|Leeftijd|Leeftijdsgroepen, relatief|25 tot 45 jaar (%)","Bevolking|Bevolkingssamenstelling op 1 januari|Leeftijd|Leeftijdsgroepen, relatief|45 tot 65 jaar (%)","Bevolking|Bevolkingssamenstelling op 1 januari|Leeftijd|Leeftijdsgroepen, relatief|65 tot 80 jaar (%)","Bevolking|Bevolkingssamenstelling op 1 januari|Leeftijd|Leeftijdsgroepen, relatief|80 jaar of ouder (%)",Bevolking|Bevolkingssamenstelling op 1 januari|Leeftijd|Demografische druk|Totale druk (%),Bevolking|Bevolkingssamenstelling op 1 januari|Leeftijd|Demografische druk|Groene druk (%),Bevolking|Bevolkingssamenstelling op 1 januari|Leeftijd|Demografische druk|Grijze druk (%),Bevolking|Bevolkingssamenstelling op 1 januari|Burgerlijke staat|Totale bevolking|Ongehuwd (aantal),Bevolking|Bevolkingssamenstelling op 1 januari|Burgerlijke staat|Totale bevolking|Gehuwd (aantal),Bevolking|Bevolkingssamenstelling op 1 januari|Burgerlijke staat|Totale bevolking|Gescheiden (aantal),Bevolking|Bevolkingssamenstelling op 1 januari|Burgerlijke staat|Totale bevolking|Verweduwd (aantal),Bevolking|Bevolkingssamenstelling op 1 januari|Burgerlijke staat|Bevolking 15 jaar of ouder|Inwoners 15 jaar of ouder (aantal),Bevolking|Bevolkingssamenstelling op 1 januari|Burgerlijke staat|Bevolking 15 jaar of ouder|Ongehuwd (in % van  inwoners 15 jaar of ouder),Bevolking|Bevolkingssamenstelling op 1 januari|Burgerlijke staat|Bevolking 15 jaar of ouder|Gehuwd (in % van  inwoners 15 jaar of ouder),Bevolking|Bevolkingssamenstelling op 1 januari|Burgerlijke staat|Bevolking 15 jaar of ouder|Gescheiden (in % van  inwoners 15 jaar of ouder),Bevolking|Bevolkingssamenstelling op 1 januari|Burgerlijke staat|Bevolking 15 jaar of ouder|Verweduwd (in % van  inwoners 15 jaar of ouder),Bevolking|Bevolkingssamenstelling op 1 januari|Migratieachtergrond|Migratieachtergrond|Nederlandse achtergrond (aantal),Bevolking|Bevolkingssamenstelling op 1 januari|Migratieachtergrond|Migratieachtergrond|Met migratieachtergrond|Totaal met migratieachtergrond (aantal),Bevolking|Bevolkingssamenstelling op 1 januari|Migratieachtergrond|Migratieachtergrond|Met migratieachtergrond|Westerse migratieachtergrond (aantal),Bevolking|Bevolkingssamenstelling op 1 januari|Migratieachtergrond|Migratieachtergrond|Met migratieachtergrond|Niet-westerse migratieachtergrond|Totaal niet-westerse migratieachtergrond (aantal),Bevolking|Bevolkingssamenstelling op 1 januari|Migratieachtergrond|Migratieachtergrond|Met migratieachtergrond|Niet-westerse migratieachtergrond|Marokko (aantal),"Bevolking|Bevolkingssamenstelling op 1 januari|Migratieachtergrond|Migratieachtergrond|Met migratieachtergrond|Niet-westerse migratieachtergrond|(voormalige) Nederlandse Antillen, Aruba (aantal)",Bevolking|Bevolkingssamenstelling op 1 januari|Migratieachtergrond|Migratieachtergrond|Met migratieachtergrond|Niet-westerse migratieachtergrond|Suriname (aantal),Bevolking|Bevolkingssamenstelling op 1 januari|Migratieachtergrond|Migratieachtergrond|Met migratieachtergrond|Niet-westerse migratieachtergrond|Turkije (aantal),Bevolking|Bevolkingssamenstelling op 1 januari|Migratieachtergrond|Migratieachtergrond|Met migratieachtergrond|Niet-westerse migratieachtergrond|Overig niet-westerse migratieachtergrond (aantal),"Bevolking|Bevolkingssamenstelling op 1 januari|Migratieachtergrond|Migratieachtergrond, relatief|Nederlandse achtergrond (%)","Bevolking|Bevolkingssamenstelling op 1 januari|Migratieachtergrond|Migratieachtergrond, relatief|Met migratieachtergrond|Totaal met migratieachtergrond (%)","Bevolking|Bevolkingssamenstelling op 1 januari|Migratieachtergrond|Migratieachtergrond, relatief|Met migratieachtergrond|Westerse migratieachtergrond (%)","Bevolking|Bevolkingssamenstelling op 1 januari|Migratieachtergrond|Migratieachtergrond, relatief|Met migratieachtergrond|Niet-westerse migratieachtergrond|Totaal niet-westerse migratieachtergrond (%)","Bevolking|Bevolkingssamenstelling op 1 januari|Migratieachtergrond|Migratieachtergrond, relatief|Met migratieachtergrond|Niet-westerse migratieachtergrond|Marokko (%)","Bevolking|Bevolkingssamenstelling op 1 januari|Migratieachtergrond|Migratieachtergrond, relatief|Met migratieachtergrond|Niet-westerse migratieachtergrond|(voormalige) Nederlandse Antillen, Aruba (%)","Bevolking|Bevolkingssamenstelling op 1 januari|Migratieachtergrond|Migratieachtergrond, relatief|Met migratieachtergrond|Niet-westerse migratieachtergrond|Suriname (%)","Bevolking|Bevolkingssamenstelling op 1 januari|Migratieachtergrond|Migratieachtergrond, relatief|Met migratieachtergrond|Niet-westerse migratieachtergrond|Turkije (%)","Bevolking|Bevolkingssamenstelling op 1 januari|Migratieachtergrond|Migratieachtergrond, relatief|Met migratieachtergrond|Niet-westerse migratieachtergrond|Overig niet-westerse migratieachtergrond (%)",Bevolking|Bevolkingssamenstelling op 1 januari|Stedelijkheidsklasse|Zeer sterk stedelijk (aantal),Bevolking|Bevolkingssamenstelling op 1 januari|Stedelijkheidsklasse|Sterk stedelijk (aantal),Bevolking|Bevolkingssamenstelling op 1 januari|Stedelijkheidsklasse|Matig stedelijk (aantal),Bevolking|Bevolkingssamenstelling op 1 januari|Stedelijkheidsklasse|Weinig stedelijk (aantal),Bevolking|Bevolkingssamenstelling op 1 januari|Stedelijkheidsklasse|Niet stedelijk (aantal),Bevolking|Bevolkingssamenstelling op 1 januari|Bevolkingsdichtheid (aantal inwoners per km²),Bevolking|Particuliere huishoudens|Particuliere huishoudens|Totaal aantal particuliere huishoudens (aantal),Bevolking|Particuliere huishoudens|Particuliere huishoudens|Eenpersoonshuishoudens (aantal),Bevolking|Particuliere huishoudens|Particuliere huishoudens|Huishoudens zonder kinderen (aantal),Bevolking|Particuliere huishoudens|Particuliere huishoudens|Huishoudens met kinderen (aantal),"Bevolking|Particuliere huishoudens|Particuliere huishoudens, relatief|Eenpersoonshuishoudens (%)","Bevolking|Particuliere huishoudens|Particuliere huishoudens, relatief|Huishoudens zonder kinderen (%)","Bevolking|Particuliere huishoudens|Particuliere huishoudens, relatief|Huishoudens met kinderen (%)",Bevolking|Particuliere huishoudens|Gemiddelde huishoudensgrootte (personen per 1 huishouden)
Groningen (PV),2012,580875,288754,292121,28662,29853,32003,36199,50852,147963,159036,71322,24985,"4,9","5,1","5,5","6,2","8,8","25,5","27,4","12,3","4,3","62,3","35,4","26,9",288985,220361,39348,32181,490357,"40,5","44,9",8,"6,6",502371,78504,43122,35382,1675,5061,6259,4803,17584,"86,5","13,5","7,4","6,1","0,3","0,9","1,1","0,8",3,113340,51940,84480,123720,207400,250,283241,122018,80902,80321,"43,1","28,6","28,4","2,02"
Groningen (PV),2013,581705,289275,292430,28423,29156,31929,36337,51319,146348,158461,74467,25265,"4,9",5,"5,5","6,2","8,8","25,2","27,2","12,8","4,3","63,3","35,3",28,291084,218389,40091,32141,492197,41,"44,4","8,1","6,5",501767,79938,44029,35909,1701,5199,6254,4794,17961,"86,3","13,7","7,6","6,2","0,3","0,9","1,1","0,8","3,1",115850,51490,87070,119210,208100,250,285911,124778,81124,80009,"43,6","28,4",28,"2,01"
Groningen (PV),2014,582728,289820,292908,27753,28612,31873,36767,52125,144802,158165,77024,25607,"4,8","4,9","5,5","6,3","8,9","24,8","27,1","13,2","4,4","64,1","35,2","28,9",294038,216000,40849,31841,494490,"41,6","43,7","8,3","6,4",500900,81828,44689,37139,1751,5297,6265,4745,19081,86,14,"7,7","6,4","0,3","0,9","1,1","0,8","3,3",118780,48570,89400,119080,206910,251,286645,125559,81429,79657,"43,8","28,4","27,8",2
Groningen (PV),2015,583942,290840,293102,27188,28574,31359,37053,52777,142782,159009,79176,26024,"4,7","4,9","5,4","6,3",9,"24,5","27,2","13,6","4,5","64,7",35,"29,7",296646,213841,41887,31568,496821,"42,2",43,"8,4","6,4",500157,83785,44818,38967,1760,5407,6261,4734,20805,"85,7","14,3","7,7","6,7","0,3","0,9","1,1","0,8","3,6",122860,64210,82300,115400,199180,251,289552,129003,81243,79306,"44,6","28,1","27,4","1,98"
Groningen (PV),2016,583721,291058,292663,26637,28343,30701,36820,52753,141503,159560,81097,26307,"4,6","4,9","5,3","6,3",9,"24,2","27,3","13,9","4,5",65,"34,6","30,4",297921,211779,42689,31332,498040,"42,6","42,5","8,6","6,3",498137,85584,44996,40588,1785,5534,6246,4654,22369,"85,3","14,7","7,7",7,"0,3","0,9","1,1","0,8","3,8",123330,64200,83050,114310,198830,251,290294,129969,81513,78812,"44,8","28,1","27,1","1,98"
Groningen (PV),2017,583581,291291,292290,26271,28321,29966,36795,52387,140402,159856,82952,26631,"4,5","4,9","5,1","6,3",9,"24,1","27,4","14,2","4,6","65,5","34,4","31,1",299345,209920,43236,31080,499023,43,"42,1","8,7","6,2",495910,87671,45882,41789,1783,5643,6252,4708,23403,85,15,"7,9","7,2","0,3",1,"1,1","0,8",4,126100,63580,80560,115130,198220,251,291322,131134,81591,78597,45,28,27,"1,97"
Groningen (PV),2018,582944,290938,292006,25763,28200,29391,36665,52290,139306,159451,85088,26790,"4,4","4,8",5,"6,3",9,"23,9","27,4","14,6","4,6","66,1","34,2","31,9",300188,207995,43924,30837,499590,"43,4","41,6","8,8","6,2",493072,89872,46458,43414,1819,5794,6248,4772,24781,"84,6","15,4",8,"7,4","0,3",1,"1,1","0,8","4,3",126330,64960,80520,113970,197170,251,292255,132326,81705,78224,"45,3",28,"26,8","1,96"
Groningen (PV),2019,583990,291436,292554,25419,27583,29056,36618,52745,139700,158591,87142,27136,"4,4","4,7",5,"6,3",9,"23,9","27,2","14,9","4,6","66,4","33,8","32,6",302207,206730,44460,30593,501932,"43,9","41,2","8,9","6,1",490671,93319,47926,45393,1851,5942,6223,4824,26553,84,16,"8,2","7,8","0,3",1,"1,1","0,8","4,5",129320,63160,82170,112540,196790,251,293740,133537,82202,78001,"45,5",28,"26,6","1,96"
Groningen (PV),2020,585866,292444,293422,25223,27121,29046,35928,53398,140774,157641,89005,27730,"4,3","4,6",5,"6,1","9,1",24,"26,9","15,2","4,7","66,5","33,3","33,2",304390,206067,44934,30475,504476,"44,2","40,8","8,9",6,489118,96748,49254,47494,1853,6211,6232,5015,28183,"83,5","16,5","8,4","8,1","0,3","1,1","1,1","0,9","4,8",131250,62390,82370,113220,196640,252,295469,134986,82763,77720,"45,7",28,"26,3","1,95"
Groningen (PV),2021,586937,293361,293576,24951,26757,28966,35274,53110,141990,156506,91109,28274,"4,3","4,6","4,9",6,9,"24,2","26,7","15,5","4,8","66,9",33,34,306220,204840,45539,30338,506263,"44,6","40,5",9,6,488170,98767,49944,48823,1859,6545,6214,5004,29201,"83,2","16,8","8,5","8,3","0,3","1,1","1,1","0,9",5,130760,62750,82400,114890,196150,253,296374,135353,83912,77109,"45,7","28,3",26,"1,95"
Groningen (PV),2022,590170,294948,295222,25096,26465,29071,35186,54258,143563,155052,92957,28522,"4,3","4,5","4,9",6,"9,2","24,3","26,3","15,8","4,8","67,2","32,8","34,4",310290,203936,45662,30282,509538,"45,1",40,9,"5,9",486913,103257,51755,51502,1898,6813,6204,5252,31335,"82,5","17,5","8,8","8,7","0,3","1,2","1,1","0,9","5,3",131950,62860,82700,115260,197390,255,299201,138299,83888,77014,"46,2",28,"25,7","1,94"
Fryslân (PV),2012,647214,323495,323719,35132,39058,41225,39956,37329,157352,182529,85924,28709,"5,4",6,"6,4","6,2","5,8","24,3","28,2","13,3","4,4","71,6","41,2","30,4",295339,274191,41327,36357,531799,"33,8","51,6","7,8","6,8",591195,56019,32062,23957,2152,2304,3043,1707,14751,"91,3","8,7",5,"3,7","0,3","0,4","0,5","0,3","2,3",31720,77330,87780,143970,306410,194,283615,96461,89880,97274,34,"31,7","34,3","2,25"
Fryslân (PV),2013,646862,323442,323420,34557,38100,41526,39759,37078,154563,182401,89703,29175,"5,3","5,9","6,4","6,1","5,7","23,9","28,2","13,9","4,5","72,9","41,2","31,8",295838,272515,42267,36242,532679,"34,1","51,2","7,9","6,8",590396,56466,32132,24334,2147,2369,3054,1717,15047,"91,3","8,7",5,"3,8","0,3","0,4","0,5","0,3","2,3",36760,72750,85100,147760,304480,195,285063,98132,89781,97150,"34,4","31,5","34,1","2,24"
Fryslân (PV),2014,646317,323242,323075,33736,37152,41631,39860,37070,151492,182931,92947,29498,"5,2","5,7","6,4","6,2","5,7","23,4","28,3","14,4","4,6",74,41,33,296777,269844,43462,36234,533798,"34,5","50,6","8,1","6,8",589182,57135,32062,25073,2168,2437,3073,1731,15664,"91,2","8,8",5,"3,9","0,3","0,4","0,5","0,3","2,4",38330,71940,85100,148560,302380,194,285320,98622,89930,96768,"34,6","31,5","33,9","2,23"
Fryslân (PV),2015,646257,323398,322859,32993,36689,41168,40190,36919,148255,184074,95752,30217,"5,1","5,7","6,4","6,2","5,7","22,9","28,5","14,8","4,7",75,"40,9","34,1",297793,267565,44606,36293,535407,"34,9",50,"8,3","6,8",588388,57869,32094,25775,2167,2488,3051,1717,16352,91,9,5,4,"0,3","0,4","0,5","0,3","2,5",46420,74870,86890,144110,293960,194,286429,100022,90135,96272,"34,9","31,5","33,6","2,22"
Fryslân (PV),2016,646040,323376,322664,32133,36342,40275,40739,36924,145530,185230,98010,30857,5,"5,6","6,2","6,3","5,7","22,5","28,7","15,2","4,8","75,7","40,7",35,298647,265324,45832,36237,537290,"35,3","49,4","8,5","6,7",586957,59083,32224,26859,2180,2516,3094,1736,17333,"90,9","9,1",5,"4,2","0,3","0,4","0,5","0,3","2,7",46680,74840,87750,143160,293610,194,287248,101035,90065,96148,"35,2","31,4","33,5","2,21"
Fryslân (PV),2017,646874,324048,322826,31562,35926,39576,41363,36889,143741,186163,100137,31517,"4,9","5,6","6,1","6,4","5,7","22,2","28,8","15,5","4,9","76,4","40,5","35,9",300182,263545,47004,36143,539810,"35,8","48,8","8,7","6,7",585408,61466,32306,29160,2229,2577,3102,1762,19490,"90,5","9,5",5,"4,5","0,3","0,4","0,5","0,3",3,47000,75190,88970,143470,292250,195,289335,103458,90113,95764,"35,8","31,1","33,1","2,2"
Fryslân (PV),2018,647268,324491,322777,31144,35485,38769,41885,36618,142248,186505,102369,32245,"4,8","5,5",6,"6,5","5,7",22,"28,8","15,8",5,"77,2","40,3","36,8",301096,262294,47920,35958,541870,"36,1","48,4","8,8","6,6",583889,63379,32501,30878,2255,2750,3109,1853,20911,"90,2","9,8",5,"4,8","0,3","0,4","0,5","0,3","3,2",47910,73770,90200,143950,291440,194,290335,104418,90449,95468,36,"31,2","32,9","2,19"
Fryslân (PV),2019,647672,324666,323006,30736,34847,37892,41917,36896,141774,186013,104600,32997,"4,7","5,4","5,9","6,5","5,7","21,9","28,7","16,2","5,1","77,6","39,9","37,7",301871,261218,48728,35855,544197,"36,5",48,9,"6,6",582958,64714,32860,31854,2295,2916,3134,1886,21623,90,10,"5,1","4,9","0,4","0,5","0,5","0,3","3,3",48260,74470,90120,144050,290770,194,292169,106154,90600,95415,"36,3",31,"32,7","2,18"
Fryslân (PV),2020,649957,325951,324006,30474,34216,37585,41708,37730,142178,185293,106750,34023,"4,7","5,3","5,8","6,4","5,8","21,9","28,5","16,4","5,2",78,"39,4","38,5",304248,260373,49492,35844,547682,"36,9","47,5",9,"6,5",582876,67081,33612,33469,2287,3088,3168,1926,23000,"89,7","10,3","5,2","5,1","0,4","0,5","0,5","0,3","3,5",51280,73130,89820,144270,291460,195,294474,108082,91065,95327,"36,7","30,9","32,4","2,17"
Fryslân (PV),2021,651435,326788,324647,30278,33330,37300,40912,38541,142710,184269,109034,35061,"4,6","5,1","5,7","6,3","5,9","21,9","28,3","16,7","5,4","78,2","38,8","39,4",306037,259176,50144,36078,550527,"37,3","47,1","9,1","6,6",583187,68248,33951,34297,2343,3205,3211,1976,23562,"89,5","10,5","5,2","5,3","0,4","0,5","0,5","0,3","3,6",51160,74540,88800,145570,291360,195,295870,108825,92017,95028,"36,8","31,1","32,1","2,16"
Fryslân (PV),2022,654019,328155,325864,30616,32907,36965,40325,39424,143797,183014,111308,35663,"4,7",5,"5,7","6,2",6,22,28,17,"5,5","78,6","38,4","40,1",308837,258300,50726,36156,553531,"37,6","46,7","9,2","6,5",583384,70635,34635,36000,2338,3434,3246,2072,24910,"89,2","10,8","5,3","5,5","0,4","0,5","0,5","0,3","3,8",52830,76140,86680,147570,290800,196,298709,111595,92340,94774,"37,4","30,9","31,7","2,15"
Drenthe (PV),2012,490807,243134,247673,24904,28981,31638,28755,22717,114081,146602,69617,23512,"5,1","5,9","6,4","5,9","4,6","23,2","29,9","14,2","4,8","73,2","40,3","32,9",206715,221404,32190,30498,405284,"29,9","54,6","7,9","7,5",446559,44248,27655,16593,1525,1274,1856,1915,10023,91,9,"5,6","3,4","0,3","0,3","0,4","0,4",2,1250,39050,99160,120340,231010,186,211236,64800,71817,74619,"30,7",34,"35,3","2,29"
Drenthe (PV),2013,489918,242757,247161,24373,28028,31871,28694,22594,111657,146064,72614,24023,5,"5,7","6,5","5,9","4,6","22,8","29,8","14,8","4,9","74,8","40,3","34,5",206786,219598,33171,30363,405646,"30,2","54,1","8,2","7,5",445500,44418,27655,16763,1532,1289,1877,1795,10270,"90,9","9,1","5,6","3,4","0,3","0,3","0,4","0,4","2,1",3920,37710,98900,119970,229420,186,211902,65635,71815,74452,31,"33,9","35,1","2,27"
Drenthe (PV),2014,488988,242230,246758,23613,27297,31616,28845,22375,109143,146210,75311,24578,"4,8","5,6","6,5","5,9","4,6","22,3","29,9","15,4",5,"76,1","40,1",36,206862,217564,34164,30398,406462,"30,6","53,5","8,4","7,5",444170,44818,27737,17081,1539,1278,1884,1806,10574,"90,8","9,2","5,7","3,5","0,3","0,3","0,4","0,4","2,2",3850,40470,98490,117100,229080,186,211458,65423,71847,74188,"30,9",34,"35,1","2,27"
Drenthe (PV),2015,488576,242262,246314,23009,26797,31068,29316,22238,106470,146990,77283,25405,"4,7","5,5","6,4",6,"4,6","21,8","30,1","15,8","5,2","77,2",40,"37,2",207179,215897,35083,30417,407702,31,53,"8,6","7,5",443234,45342,27794,17548,1515,1309,1894,1798,11032,"90,7","9,3","5,7","3,6","0,3","0,3","0,4","0,4","2,3",7280,50550,93930,113110,223700,185,212347,66526,71982,73839,"31,3","33,9","34,8","2,26"
Drenthe (PV),2016,488629,242483,246146,22437,26421,30328,30054,21906,104486,147792,79163,26042,"4,6","5,4","6,2","6,2","4,5","21,4","30,2","16,2","5,3","78,2","39,8","38,4",207772,214539,35980,30338,409443,"31,4","52,4","8,8","7,4",441983,46646,27771,18875,1514,1327,1883,1801,12350,"90,5","9,5","5,7","3,9","0,3","0,3","0,4","0,4","2,5",6260,53730,95700,110090,222850,185,213001,67541,72161,73299,"31,7","33,9","34,4","2,25"
Drenthe (PV),2017,491792,243998,247794,22455,26460,29903,31033,22216,103578,148664,80911,26572,"4,6","5,4","6,1","6,3","4,5","21,1","30,2","16,5","5,4","79,2",40,"39,2",210575,214015,36968,30234,412974,"31,9","51,8",9,"7,3",441739,50053,27726,22327,1541,1344,1900,1817,15725,"89,8","10,2","5,6","4,5","0,3","0,3","0,4","0,4","3,2",6190,55320,96200,108320,225770,187,215127,69546,72424,73157,"32,3","33,7",34,"2,23"
Drenthe (PV),2018,492100,244216,247884,22249,26024,28995,31364,22440,102180,148812,83074,26962,"4,5","5,3","5,9","6,4","4,6","20,8","30,2","16,9","5,5",80,"39,7","40,2",211155,212738,37925,30282,414832,"32,3","51,3","9,1","7,3",441746,50354,27794,22560,1531,1388,1893,1866,15882,"89,8","10,2","5,6","4,6","0,3","0,3","0,4","0,4","3,2",7670,56110,96210,107550,224560,187,216373,70454,72759,73160,"32,6","33,6","33,8","2,22"
Drenthe (PV),2019,492167,244556,247611,21938,25389,28217,31160,23335,101574,148116,84956,27482,"4,5","5,2","5,7","6,3","4,7","20,6","30,1","17,3","5,6","80,3","39,1","41,2",211956,211463,38591,30157,416623,"32,7","50,8","9,3","7,2",441672,50495,28093,22402,1554,1438,1916,1883,15611,"89,7","10,3","5,7","4,6","0,3","0,3","0,4","0,4","3,2",8690,54950,95520,110140,222880,187,217831,71611,73242,72978,"32,9","33,6","33,5","2,21"
Drenthe (PV),2020,493682,245475,248207,21629,24784,27851,30847,24358,101495,147433,87069,28216,"4,4",5,"5,6","6,2","4,9","20,6","29,9","17,6","5,7","80,6","38,5","42,2",213134,210977,39426,30145,419418,"33,1","50,3","9,4","7,2",442029,51653,28429,23224,1592,1477,1945,1965,16245,"89,5","10,5","5,8","4,7","0,3","0,3","0,4","0,4","3,3",9890,56740,91820,111760,223470,188,219301,72904,73599,72798,"33,2","33,6","33,2","2,2"
Drenthe (PV),2021,494771,246027,248744,21628,24243,27475,30153,25244,101970,146316,88969,28773,"4,4","4,9","5,6","6,1","5,1","20,6","29,6",18,"5,8","80,9","37,8",43,214649,209919,40130,30073,421425,"33,5","49,8","9,5","7,1",442444,52327,28593,23734,1596,1552,1976,1941,16669,"89,4","10,6","5,8","4,8","0,3","0,3","0,4","0,4","3,4",10050,58690,89750,113010,223270,188,220380,73490,74399,72491,"33,3","33,8","32,9","2,2"
Drenthe (PV),2022,497743,247702,250041,22019,23995,27292,29686,26113,103073,145437,90868,29260,"4,4","4,8","5,5",6,"5,2","20,7","29,2","18,3","5,9","81,2","37,5","43,7",217297,209904,40440,30102,424437,"33,9","49,5","9,5","7,1",443435,54308,29022,25286,1617,1626,2021,2105,17917,"89,1","10,9","5,8","5,1","0,3","0,3","0,4","0,4","3,6",11930,60330,89700,111890,223890,189,222165,74843,74758,72564,"33,7","33,6","32,7","2,19"
Overijssel (PV),2012,1137668,568764,568904,66073,72081,73456,69692,70965,294181,306684,138157,46379,"5,8","6,3","6,5","6,1","6,2","25,9",27,"12,1","4,1","69,3","41,9","27,5",521751,491504,63032,61381,926058,"33,5","53,1","6,8","6,6",973766,163902,80146,83756,4257,4512,5360,35275,34352,"85,6","14,4",7,"7,4","0,4","0,4","0,5","3,1",3,104750,247610,235770,283150,266390,342,483064,159341,146985,176738,33,"30,4","36,6","2,33"
Overijssel (PV),2013,1139350,569690,569660,64955,70693,74298,69420,70535,290158,307813,143766,47712,"5,7","6,2","6,5","6,1","6,2","25,5",27,"12,6","4,2","70,4","41,8","28,6",523594,489609,64744,61403,929404,"33,7","52,7",7,"6,6",974915,164435,80178,84257,4279,4565,5388,35168,34857,"85,6","14,4",7,"7,4","0,4","0,4","0,5","3,1","3,1",106110,252550,225700,290180,264820,343,485983,161265,147548,177170,"33,2","30,4","36,5","2,32"
Overijssel (PV),2014,1139697,570214,569483,63560,69108,74993,69424,70105,285455,309737,148504,48811,"5,6","6,1","6,6","6,1","6,2",25,"27,2",13,"4,3","71,3","41,6","29,7",525236,486275,66843,61343,932036,"34,1","52,2","7,2","6,6",974671,165026,79939,85087,4296,4558,5395,34980,35858,"85,5","14,5",7,"7,5","0,4","0,4","0,5","3,1","3,1",105140,255460,227940,287330,263830,343,484310,159047,147689,177574,"32,8","30,5","36,7","2,32"
Overijssel (PV),2015,1140652,570894,569758,62297,68185,74394,70185,69764,280615,312827,152460,49925,"5,5",6,"6,5","6,2","6,1","24,6","27,4","13,4","4,4",72,"41,5","30,5",527074,483372,68983,61223,935776,"34,4","51,7","7,4","6,5",974633,166019,79826,86193,4308,4604,5398,34702,37181,"85,4","14,6",7,"7,6","0,4","0,4","0,5",3,"3,3",128690,256740,218460,280800,255970,343,487452,162100,147821,177531,"33,3","30,3","36,4","2,31"
Overijssel (PV),2016,1144280,573324,570956,61026,67476,73437,72460,69446,277376,315854,156334,50871,"5,3","5,9","6,4","6,3","6,1","24,2","27,6","13,7","4,4","72,7","41,4","31,3",531106,481283,70701,61190,942341,"34,9","51,1","7,5","6,5",975024,169256,79691,89565,4299,4692,5456,34473,40645,"85,2","14,8",7,"7,8","0,4","0,4","0,5",3,"3,6",132200,254670,218660,283190,255570,344,490682,164836,148475,177371,"33,6","30,3","36,1","2,3"
Overijssel (PV),2017,1147687,575428,572259,60296,66489,72528,74145,69409,274607,318324,159835,52054,"5,3","5,8","6,3","6,5",6,"23,9","27,7","13,9","4,5","73,3","41,3",32,534175,479811,72495,61206,948374,"35,3","50,6","7,6","6,5",975380,172307,79983,92324,4308,4807,5513,34362,43334,85,15,7,8,"0,4","0,4","0,5",3,"3,8",134610,253390,221710,282230,255750,345,495376,168884,149142,177350,"34,1","30,1","35,8","2,28"
Overijssel (PV),2018,1151501,577431,574070,59421,65737,71374,75488,70136,272667,319642,163888,53148,"5,2","5,7","6,2","6,6","6,1","23,7","27,8","14,2","4,6","73,8","41,1","32,8",537734,478151,74374,61242,954969,"35,7","50,1","7,8","6,4",975745,175756,80421,95335,4371,4952,5577,34365,46070,"84,7","15,3",7,"8,3","0,4","0,4","0,5",3,4,133720,256840,221940,281140,257870,347,499031,171917,149852,177262,"34,5",30,"35,5","2,27"
Overijssel (PV),2019,1156431,580491,575940,58522,64547,70133,76579,71502,272737,320471,167579,54361,"5,1","5,6","6,1","6,6","6,2","23,6","27,7","14,5","4,7",74,"40,6","33,4",542404,477078,75953,60996,963229,"36,3","49,5","7,9","6,3",976908,179523,81477,98046,4418,5157,5587,34530,48354,"84,5","15,5",7,"8,5","0,4","0,4","0,5",3,"4,2",135170,265960,217880,277650,259780,348,503836,175440,151044,177352,"34,8",30,"35,2","2,26"
Overijssel (PV),2020,1162406,583756,578650,57797,63621,69428,76609,73577,273838,320432,171135,55969,5,"5,5",6,"6,6","6,3","23,6","27,6","14,7","4,8","74,1",40,34,547362,476564,77364,61116,971560,"36,7","49,1",8,"6,3",978501,183905,82877,101028,4521,5361,5651,34616,50879,"84,2","15,8","7,1","8,7","0,4","0,5","0,5",3,"4,4",138690,267070,224250,271820,260580,350,508409,178588,152144,177677,"35,1","29,9","34,9","2,25"
Overijssel (PV),2021,1166533,586055,580478,57134,62439,68854,75512,75681,275578,319983,174429,56923,"4,9","5,4","5,9","6,5","6,5","23,6","27,4",15,"4,9","73,8","39,3","34,5",552276,474220,78931,61106,978106,"37,2","48,5","8,1","6,2",979183,187350,83704,103646,4597,5617,5730,34754,52948,"83,9","16,1","7,2","8,9","0,4","0,5","0,5",3,"4,5",145160,266520,223170,269760,261920,351,512031,180716,153905,177410,"35,3","30,1","34,6","2,24"
Overijssel (PV),2022,1171910,589158,582752,57238,61821,67972,75091,77292,277918,318768,178062,57748,"4,9","5,3","5,8","6,4","6,6","23,7","27,2","15,2","4,9","73,9","38,9",35,557476,473598,79657,61179,984879,"37,6","48,1","8,1","6,2",979924,191986,85168,106818,4632,5866,5781,34996,55543,"83,6","16,4","7,3","9,1","0,4","0,5","0,5",3,"4,7",147760,268770,221300,271830,262250,353,516961,184820,154828,177313,"35,8","29,9","34,3","2,23"
Flevoland (PV),2012,395525,197783,197742,26596,28077,28666,27082,25239,110764,107900,31842,9359,"6,7","7,1","7,2","6,8","6,4",28,"27,3","8,1","2,4","62,2","45,3","16,9",193583,158875,29961,13106,312186,"35,3","50,9","9,6","4,2",285768,109757,33430,76327,10509,7125,26634,6153,25906,"72,3","27,7","8,5","19,3","2,7","1,8","6,7","1,6","6,5",2250,143720,115150,86110,48290,279,162027,49085,43355,69587,"30,3","26,8","42,9","2,42"
Flevoland (PV),2013,398441,199314,199127,26280,27642,28941,26916,25247,110180,109599,33972,9664,"6,6","6,9","7,3","6,8","6,3","27,7","27,5","8,5","2,4","62,6","44,8","17,8",195244,159217,30746,13234,315578,"35,6","50,5","9,7","4,2",286198,112243,34230,78013,10782,7211,27192,6197,26631,"71,8","28,2","8,6","19,6","2,7","1,8","6,8","1,6","6,7",2290,143960,113400,91960,46840,282,163771,49951,43894,69926,"30,5","26,8","42,7","2,41"
Flevoland (PV),2014,399893,199950,199943,25715,27133,28957,27068,25140,108882,111070,36065,9863,"6,4","6,8","7,2","6,8","6,3","27,2","27,8",9,"2,5","63,2","44,4","18,7",196155,158955,31432,13351,318088,"35,9",50,"9,9","4,2",286011,113882,34784,79098,10937,7285,27351,6285,27240,"71,5","28,5","8,7","19,8","2,7","1,8","6,8","1,6","6,8",2300,148460,112130,89510,47490,283,163487,49246,44227,70014,"30,1","27,1","42,8","2,41"
Flevoland (PV),2015,401791,200949,200842,25198,26973,28698,27089,25335,107435,113015,37952,10096,"6,3","6,7","7,1","6,7","6,3","26,7","28,1","9,4","2,5","63,5","43,9","19,5",197539,158512,32294,13446,320922,"36,4","49,4","10,1","4,2",285649,116142,35860,80282,11134,7228,27441,6354,28125,"71,1","28,9","8,9",20,"2,8","1,8","6,8","1,6",7,2350,149860,115530,85390,48660,284,165196,50586,44522,70088,"30,6",27,"42,4","2,4"
Flevoland (PV),2016,404068,202157,201911,24709,26955,28363,27615,25002,106555,114784,39824,10261,"6,1","6,7",7,"6,8","6,2","26,4","28,4","9,9","2,5",64,"43,7","20,3",199231,158622,32706,13509,324041,"36,8",49,"10,1","4,2",285397,118671,36676,81995,11249,7363,27601,6370,29412,"70,6","29,4","9,1","20,3","2,8","1,8","6,8","1,6","7,3",2320,150830,118010,83470,49440,286,166696,51417,44881,70398,"30,8","26,9","42,2","2,39"
Flevoland (PV),2017,407818,204138,203680,24494,26916,27991,28246,24759,106786,116275,41896,10455,6,"6,6","6,9","6,9","6,1","26,2","28,5","10,3","2,6","64,6","43,4","21,1",201378,159595,33233,13612,328417,"37,1","48,6","10,1","4,1",284866,122952,37706,85246,11462,7403,28038,6426,31917,"69,9","30,1","9,2","20,9","2,8","1,8","6,9","1,6","7,8",2410,154200,119130,81550,50530,289,168683,52633,45355,70695,"31,2","26,9","41,9","2,38"
Flevoland (PV),2018,411670,205912,205758,24399,26814,27722,28613,24768,107366,117250,44083,10655,"5,9","6,5","6,7",7,6,"26,1","28,5","10,7","2,6","65,1","43,1","21,9",203932,160116,33969,13653,332735,"37,6","48,1","10,2","4,1",284760,126910,38821,88089,11662,7681,28591,6652,33503,"69,2","30,8","9,4","21,4","2,8","1,9","6,9","1,6","8,1",2440,157070,119640,81920,50600,292,170802,53370,46181,71251,"31,2",27,"41,7","2,38"
Flevoland (PV),2019,416546,208238,208308,24791,26375,27448,28781,25114,109046,117755,46220,11016,6,"6,3","6,6","6,9",6,"26,2","28,3","11,1","2,6","65,4","42,6","22,7",206932,161275,34476,13863,337932,38,"47,7","10,2","4,1",284742,131804,40419,91385,11895,7934,29302,6896,35358,"68,4","31,6","9,7","21,9","2,9","1,9",7,"1,7","8,5",4630,159020,120980,83560,48360,295,173588,54608,47038,71942,"31,5","27,1","41,4","2,37"
Flevoland (PV),2020,423021,211643,211378,25032,26367,27555,28790,25578,111873,118043,48399,11384,"5,9","6,2","6,5","6,8",6,"26,4","27,9","11,4","2,7","65,6","42,2","23,4",210979,163133,34886,14023,344067,"38,4","47,4","10,1","4,1",284605,138416,42303,96113,12195,8155,30028,7308,38427,"67,3","32,7",10,"22,7","2,9","1,9","7,1","1,7","9,1",9590,162470,115390,84540,51030,300,176625,56224,47684,72717,"31,8",27,"41,2","2,36"
Flevoland (PV),2021,428226,214301,213925,25222,26282,27671,28459,25901,114291,118179,50560,11661,"5,9","6,1","6,5","6,6",6,"26,7","27,6","11,8","2,7","65,7","41,7","24,1",214556,164112,35314,14244,349051,"38,8",47,"10,1","4,1",284920,143306,43640,99666,12322,8307,30716,7592,40729,"66,5","33,5","10,2","23,3","2,9","1,9","7,2","1,8","9,5",9550,166840,113240,85270,53330,303,178960,56743,48750,73467,"31,7","27,2","41,1","2,36"
Flevoland (PV),2022,434771,217585,217186,25744,26314,27773,28195,26626,117144,118215,52882,11878,"5,9","6,1","6,4","6,5","6,1","26,9","27,2","12,2","2,7",66,"41,2","24,7",218670,165832,35752,14517,354940,"39,1","46,7","10,1","4,1",284943,149828,45406,104422,12571,8513,31399,8056,43883,"65,5","34,5","10,4",24,"2,9",2,"7,2","1,9","10,1",9570,171770,114210,84720,54500,308,183147,58982,50060,74105,"32,2","27,3","40,5","2,34"
Gelderland (PV),2012,2010745,992668,1018077,107201,120151,127997,125272,121475,499109,573751,252238,83551,"5,3",6,"6,4","6,2",6,"24,8","28,5","12,5","4,2","68,4","40,2","28,1",912518,865435,124224,108568,1655396,"33,7","52,3","7,5","6,6",1721876,288869,154193,134676,20618,8944,11400,39528,54186,"85,6","14,4","7,7","6,7",1,"0,4","0,6",2,"2,7",110310,441460,446060,509610,503320,405,868566,294522,265575,308469,"33,9","30,6","35,5","2,28"
Gelderland (PV),2013,2015791,995180,1020611,105831,116689,129072,125131,122838,491846,574646,263767,85971,"5,3","5,8","6,4","6,2","6,1","24,4","28,5","13,1","4,3","69,5","40,1","29,4",917164,862570,127512,108545,1664199,34,"51,8","7,7","6,5",1724300,291491,154961,136530,20912,9007,11432,39691,55488,"85,5","14,5","7,7","6,8",1,"0,4","0,6",2,"2,8",110960,443790,455230,510630,495200,406,876952,300712,267849,308391,"34,3","30,5","35,2","2,26"
Gelderland (PV),2014,2019692,997850,1021842,103914,114113,129025,125770,124249,483386,577338,274071,87826,"5,1","5,7","6,4","6,2","6,2","23,9","28,6","13,6","4,3","70,4","39,9","30,5",922128,857698,131341,108525,1672640,"34,4","51,3","7,9","6,5",1725830,293862,155060,138802,21211,9163,11479,39707,57242,"85,5","14,5","7,7","6,9","1,1","0,5","0,6",2,"2,8",112140,452550,453240,509410,492360,407,879834,301262,270191,308381,"34,2","30,7",35,"2,26"
Gelderland (PV),2015,2026578,1001922,1024656,102565,112353,127875,126215,125626,475878,582653,282962,90451,"5,1","5,5","6,3","6,2","6,2","23,5","28,8",14,"4,5","71,1","39,6","31,5",928499,854095,135416,108568,1683785,"34,8","50,7",8,"6,4",1728623,297955,156267,141688,21498,9330,11572,39564,59724,"85,3","14,7","7,7",7,"1,1","0,5","0,6",2,"2,9",157360,466680,452010,474830,475690,408,888895,308595,272511,307789,"34,7","30,7","34,6","2,24"
Gelderland (PV),2016,2035351,1006964,1028387,101500,111828,124986,128900,126032,470596,587919,290913,92677,5,"5,5","6,1","6,3","6,2","23,1","28,9","14,3","4,6","71,8","39,4","32,4",935724,852149,138898,108580,1697037,"35,2","50,2","8,2","6,4",1730556,304795,157612,147183,21728,9493,11622,39538,64802,85,15,"7,7","7,2","1,1","0,5","0,6","1,9","3,2",161360,472200,465320,460600,475880,410,895705,313798,274021,307886,35,"30,6","34,4","2,23"
Gelderland (PV),2017,2047901,1014717,1033184,100943,111037,122992,131191,126573,468945,592200,299181,94839,"4,9","5,4",6,"6,4","6,2","22,9","28,9","14,6","4,6","72,4","39,2","33,2",944420,852715,142359,108407,1712929,"35,6","49,8","8,3","6,3",1734136,313765,158993,154772,21932,9689,11702,39657,71792,"84,7","15,3","7,8","7,6","1,1","0,5","0,6","1,9","3,5",157210,477800,473050,464030,475820,412,906478,322025,276179,308274,"35,5","30,5",34,"2,22"
Gelderland (PV),2018,2060103,1021117,1038986,101000,110728,120344,133220,127333,468307,594163,308376,96632,"4,9","5,4","5,8","6,5","6,2","22,7","28,8",15,"4,7","73,1","39,1",34,953052,852903,145748,108400,1728031,"35,9","49,4","8,4","6,3",1737888,322215,161103,161112,22289,9923,11894,39921,77085,"84,4","15,6","7,8","7,8","1,1","0,5","0,6","1,9","3,7",163490,480260,474750,466180,475420,415,914369,326333,278985,309051,"35,7","30,5","33,8","2,22"
Gelderland (PV),2019,2071972,1027649,1044323,100643,109359,118141,133403,129345,471091,594492,316230,99268,"4,9","5,3","5,7","6,4","6,2","22,7","28,7","15,3","4,8","73,4","38,6","34,8",961587,853122,148782,108481,1743829,"36,3","48,9","8,5","6,2",1741535,330437,164196,166241,22618,10184,12072,40164,81203,"84,1","15,9","7,9",8,"1,1","0,5","0,6","1,9","3,9",164300,488660,472300,472850,473870,417,923361,332015,281556,309790,36,"30,5","33,6","2,21"
Gelderland (PV),2020,2085952,1035459,1050493,100409,108502,117057,132422,130613,477061,593788,323978,102122,"4,8","5,2","5,6","6,3","6,3","22,9","28,5","15,5","4,9","73,6","38,2","35,5",971032,854496,151569,108855,1759984,"36,7","48,6","8,6","6,2",1745860,340092,167122,172970,22914,10580,12182,40720,86574,"83,7","16,3",8,"8,3","1,1","0,5","0,6",2,"4,2",174780,486140,480940,467480,476630,420,931493,336948,284069,310476,"36,2","30,5","33,3","2,2"
Gelderland (PV),2021,2096603,1041167,1055436,100718,107303,116934,129544,132521,482707,591665,330795,104416,"4,8","5,1","5,6","6,2","6,3",23,"28,2","15,8",5,"73,7","37,7","36,1",980676,852191,154689,109047,1771648,37,"48,1","8,7","6,2",1750121,346482,168833,177649,23045,10999,12378,41185,90042,"83,5","16,5","8,1","8,5","1,1","0,5","0,6",2,"4,3",186790,491840,472070,468470,477440,422,938341,339755,287366,311220,"36,2","30,6","33,2","2,2"
Gelderland (PV),2022,2110472,1048162,1062310,101982,106691,116343,127612,135150,488733,588944,338493,106524,"4,8","5,1","5,5",6,"6,4","23,2","27,9",16,5,74,"37,3","36,7",992157,852587,156127,109601,1785456,"37,4","47,8","8,7","6,1",1754671,355801,171531,184270,23312,11473,12507,41471,95507,"83,1","16,9","8,1","8,7","1,1","0,5","0,6",2,"4,5",197110,486700,478070,470160,478440,425,948460,346983,290193,311284,"36,6","30,6","32,8","2,19"
Utrecht (PV),2012,1237117,605032,632085,76324,77768,76064,73231,84346,346878,326078,130884,45544,"6,2","6,3","6,1","5,9","6,8",28,"26,4","10,6","3,7","63,4","40,1","23,3",616882,485274,79719,55242,1006961,"38,4","48,2","7,9","5,5",981958,255159,105042,150117,50283,8227,18649,26805,46153,"79,4","20,6","8,5","12,1","4,1","0,7","1,5","2,2","3,7",264510,380120,246220,225400,120870,894,552779,211577,150966,190236,"38,3","27,3","34,4","2,21"
Utrecht (PV),2013,1245294,609345,635949,75695,77194,77521,73205,84489,344956,328192,137406,46636,"6,1","6,2","6,2","5,9","6,8","27,7","26,4",11,"3,7","64,4","40,1","24,3",623407,485305,81428,55154,1014884,"38,7","47,8",8,"5,4",985675,259619,106274,153345,51183,8291,18690,27107,48074,"79,2","20,8","8,5","12,3","4,1","0,7","1,5","2,2","3,9",265880,398470,241060,219930,119960,901,557990,214209,152012,191769,"38,4","27,2","34,4","2,2"
Utrecht (PV),2014,1253672,613674,639998,74629,76454,78796,73955,85246,342383,331662,143061,47486,6,"6,1","6,3","5,9","6,8","27,3","26,5","11,4","3,8","65,1",40,"25,1",630553,484495,83339,55285,1023793,"39,1","47,3","8,1","5,4",989711,263961,107593,156368,52153,8334,18722,27206,49953,"78,9","21,1","8,6","12,5","4,2","0,7","1,5","2,2",4,270710,401700,242630,219000,119640,907,561553,215150,153653,192750,"38,3","27,4","34,3","2,2"
Utrecht (PV),2015,1263572,618888,644684,74114,76244,79205,74801,86021,339783,336721,148146,48537,"5,9",6,"6,3","5,9","6,8","26,9","26,6","11,7","3,8","65,7","39,9","25,8",638898,483997,85345,55332,1034009,"39,6","46,8","8,3","5,4",994230,269342,109388,159954,53096,8367,18809,27324,52358,"78,7","21,3","8,7","12,7","4,2","0,7","1,5","2,2","4,1",306060,400640,240090,203990,112800,914,568152,219633,154917,193602,"38,7","27,3","34,1","2,19"
Utrecht (PV),2016,1273613,624475,649138,73375,76677,78655,76508,85724,339074,341112,153156,49332,"5,8",6,"6,2",6,"6,7","26,6","26,8",12,"3,9","66,3","39,8","26,4",646897,484252,87197,55267,1044906,40,"46,3","8,3","5,3",997637,275976,111133,164843,53859,8399,18842,27514,56229,"78,3","21,7","8,7","12,9","4,2","0,7","1,5","2,2","4,4",314090,396420,245290,205340,112470,923,572957,221540,156430,194987,"38,7","27,3",34,"2,19"
Utrecht (PV),2017,1284504,630345,654159,73235,76543,78217,78103,85100,340096,345580,157194,50436,"5,7",6,"6,1","6,1","6,6","26,5","26,9","12,2","3,9","66,7","39,7","26,9",654925,485308,88810,55461,1056509,"40,4","45,9","8,4","5,2",999792,284712,113600,171112,54642,8465,18932,27761,61312,"77,8","22,2","8,8","13,3","4,3","0,7","1,5","2,2","4,8",315460,412770,239410,203320,113540,931,579183,225319,157473,196391,"38,9","27,2","33,9","2,19"
Utrecht (PV),2018,1295484,635951,659533,73043,76410,77982,79330,84792,342170,348354,161944,51459,"5,6","5,9",6,"6,1","6,5","26,4","26,9","12,5",4,"67,1","39,6","27,5",663432,486268,90277,55507,1068049,"40,8","45,5","8,5","5,2",1002102,293382,115824,177558,55432,8622,19013,28069,66422,"77,4","22,6","8,9","13,7","4,3","0,7","1,5","2,2","5,1",320490,418710,241160,204640,110490,940,584265,226833,159486,197946,"38,8","27,3","33,9","2,19"
Utrecht (PV),2019,1342158,659562,682596,75181,77647,79543,83000,87045,354258,359671,171378,54435,"5,6","5,8","5,9","6,2","6,5","26,4","26,8","12,8","4,1","67,6","39,4","28,2",687696,503119,93622,57721,1109787,41,"45,3","8,4","5,2",1034392,307766,120673,187093,56759,8841,19254,30346,71893,"77,1","22,9",9,"13,9","4,2","0,7","1,4","2,3","5,4",325070,436350,249220,204580,126940,904,604564,233728,165616,205220,"38,7","27,4","33,9","2,19"
Utrecht (PV),2020,1354834,666413,688421,75108,77200,79545,83522,87243,360040,360577,175526,56073,"5,5","5,7","5,9","6,2","6,4","26,6","26,6",13,"4,1","67,7",39,"28,7",696600,505661,94803,57770,1122981,"41,4",45,"8,4","5,1",1036856,317978,123762,194216,57563,9063,19441,30783,77366,"76,5","23,5","9,1","14,3","4,2","0,7","1,4","2,3","5,7",334840,441720,243870,207290,127120,912,610332,235308,167925,207099,"38,6","27,5","33,9","2,19"
Utrecht (PV),2021,1361153,670178,690975,74840,76280,79743,82548,87670,363050,360657,179045,57320,"5,5","5,6","5,9","6,1","6,4","26,7","26,5","13,2","4,2","67,8","38,6","29,1",703128,504166,96045,57814,1130290,"41,8","44,6","8,5","5,1",1037175,323978,125392,198586,58348,9185,19546,31199,80308,"76,2","23,8","9,2","14,6","4,3","0,7","1,4","2,3","5,9",344240,438210,243810,207670,127230,916,613804,235650,170783,207371,"38,4","27,8","33,8","2,19"
Utrecht (PV),2022,1369873,674377,695496,75624,75934,79395,82129,89884,366030,359286,183068,58523,"5,5","5,5","5,8",6,"6,6","26,7","26,2","13,4","4,3",68,"38,4","29,6",710943,504204,96743,57983,1138920,"42,1","44,3","8,5","5,1",1036447,333426,128073,205353,59111,9313,19644,31827,85458,"75,7","24,3","9,3",15,"4,3","0,7","1,4","2,3","6,2",352150,436740,245950,207680,127360,923,619986,239717,172478,207791,"38,7","27,8","33,5","2,18"
Noord-Holland (PV),2012,2709822,1333811,1376011,153372,154321,155515,150979,168645,761212,748755,309673,107350,"5,7","5,7","5,7","5,6","6,2","28,1","27,6","11,4",4,"61,4","36,6","24,8",1369574,996981,216746,126521,2246614,"40,3","44,4","9,6","5,6",1932367,777455,307505,469950,99325,24765,100614,79550,165696,"71,3","28,7","11,3","17,3","3,7","0,9","3,7","2,9","6,1",1011940,754520,372750,319680,250930,1017,1280997,534276,335269,411452,"41,7","26,2","32,1","2,09"
Noord-Holland (PV),2013,2724300,1340874,1383426,152620,152603,157151,150315,170786,756408,749803,325530,109084,"5,6","5,6","5,8","5,5","6,3","27,8","27,5","11,9",4,"62,5","36,5","25,9",1384407,994549,219582,125762,2261926,"40,8",44,"9,7","5,6",1934847,789453,312725,476728,100996,24916,100422,80402,169992,71,29,"11,5","17,5","3,7","0,9","3,7",3,"6,2",1043690,744780,366760,318790,250290,1023,1290357,539399,337007,413951,"41,8","26,1","32,1","2,09"
Noord-Holland (PV),2014,2741369,1349648,1391721,150663,151208,157867,151113,172160,754105,754839,338966,110448,"5,5","5,5","5,8","5,5","6,3","27,5","27,5","12,4",4,"63,1","36,3","26,7",1401309,991419,223257,125384,2281631,"41,3","43,5","9,8","5,5",1938295,803074,318728,484346,102670,25135,100412,80959,175170,"70,7","29,3","11,6","17,7","3,7","0,9","3,7",3,"6,4",1065680,741240,367840,317400,249210,1029,1298254,541634,340328,416292,"41,7","26,2","32,1","2,08"
Noord-Holland (PV),2015,2761929,1360069,1401860,149313,151007,157757,152146,173991,751723,762842,350759,112391,"5,4","5,5","5,7","5,5","6,3","27,2","27,6","12,7","4,1","63,6","36,1","27,4",1421160,988609,227188,124972,2303852,"41,8","42,9","9,9","5,4",1940018,821911,328324,493587,104469,25376,100000,81307,182435,"70,2","29,8","11,9","17,9","3,8","0,9","3,6","2,9","6,6",1120930,753510,357950,298140,231410,1037,1314669,553840,342555,418274,"42,1","26,1","31,8","2,08"
Noord-Holland (PV),2016,2784854,1372462,1412392,147474,151586,156558,155590,173914,754349,770154,361396,113833,"5,3","5,4","5,6","5,6","6,2","27,1","27,7",13,"4,1",64,36,28,1443047,986668,230478,124661,2329236,"42,4","42,4","9,9","5,4",1940087,844767,338269,506498,106064,25558,99725,81878,193273,"69,7","30,3","12,1","18,2","3,8","0,9","3,6","2,9","6,9",1144490,753610,358290,299510,228950,1046,1327941,561788,344733,421420,"42,3",26,"31,7","2,07"
Noord-Holland (PV),2017,2809483,1386465,1423018,146974,151770,155204,158826,173663,759759,777325,370559,115403,"5,2","5,4","5,5","5,7","6,2",27,"27,7","13,2","4,1","64,2","35,8","28,4",1463920,988154,233206,124203,2355535,"42,9",42,"9,9","5,3",1937377,872106,348974,523132,107614,25812,99397,83035,207274,69,31,"12,4","18,6","3,8","0,9","3,5",3,"7,4",1165190,752380,361060,304180,226670,1055,1341502,570691,346570,424241,"42,5","25,8","31,6","2,07"
Noord-Holland (PV),2018,2831182,1397944,1433238,146549,151293,154005,161108,173473,765295,781387,380802,117270,"5,2","5,3","5,4","5,7","6,1",27,"27,6","13,5","4,1","64,6","35,6",29,1481827,989573,235952,123830,2379335,"43,3","41,6","9,9","5,2",1931825,899357,360695,538662,108884,25982,99315,84222,220259,"68,2","31,8","12,7",19,"3,8","0,9","3,5",3,"7,8",1178490,758670,359310,307640,227080,1062,1352235,574639,349818,427778,"42,5","25,9","31,6","2,07"
Noord-Holland (PV),2019,2853359,1409569,1443790,146513,149983,153168,162631,173881,775463,783005,388463,120252,"5,1","5,3","5,4","5,7","6,1","27,2","27,4","13,6","4,2","64,7","35,3","29,4",1499437,992802,237431,123689,2403695,"43,7","41,3","9,9","5,1",1923846,929513,373435,556078,110478,26223,99355,85791,234231,"67,4","32,6","13,1","19,5","3,9","0,9","3,5",3,"8,2",1199110,759920,361670,308510,224140,1071,1362849,578977,352835,431037,"42,5","25,9","31,6","2,07"
Noord-Holland (PV),2020,2879527,1423303,1456224,145696,149218,153265,163558,175502,788340,783695,396273,123980,"5,1","5,2","5,3","5,7","6,1","27,4","27,2","13,8","4,3","64,8",35,"29,8",1519664,997317,239186,123360,2431348,"44,1",41,"9,8","5,1",1915694,963833,389057,574776,112110,26558,99556,87647,248905,"66,5","33,5","13,5",20,"3,9","0,9","3,5",3,"8,6",1230450,753110,367540,304500,223930,1081,1376228,584676,357672,433880,"42,5",26,"31,5","2,07"
Noord-Holland (PV),2021,2888486,1428559,1459927,144392,147062,153747,161979,177040,792247,782319,402702,126998,5,"5,1","5,3","5,6","6,1","27,4","27,1","13,9","4,4","64,9","34,7","30,2",1532694,991955,240565,123272,2443285,"44,5","40,6","9,8",5,1906301,982185,396386,585799,113596,26947,99517,88757,256982,66,34,"13,7","20,3","3,9","0,9","3,4","3,1","8,9",1239100,755010,367440,303200,223740,1084,1381760,585263,362647,433850,"42,4","26,2","31,4","2,06"
Noord-Holland (PV),2022,2909827,1438477,1471350,144946,146306,153657,162480,183195,800551,779179,410210,129303,5,5,"5,3","5,6","6,3","27,5","26,8","14,1","4,4","65,1","34,5","30,6",1555737,989558,240982,123550,2464918,"45,1","40,1","9,8",5,1896495,1013332,409285,604047,114870,27170,99255,90688,272064,"65,2","34,8","14,1","20,8","3,9","0,9","3,4","3,1","9,3",1262070,751270,373020,299350,224120,1093,1400584,600586,365837,434161,"42,9","26,1",31,"2,05"
Zuid-Holland (PV),2012,3552407,1753393,1799014,204690,204091,208109,211870,234931,970694,964672,405629,147721,"5,8","5,7","5,9",6,"6,6","27,3","27,2","11,4","4,2","63,7","38,2","25,5",1703370,1400467,270739,177831,2935517,37,"47,7","9,2","6,1",2527398,1025009,360842,664167,112968,60703,148305,130849,211342,"71,1","28,9","10,2","18,7","3,2","1,7","4,2","3,7","5,9",1433010,1010640,517760,332630,258370,1265,1628583,634591,445456,548536,39,"27,4","33,7","2,16"
Zuid-Holland (PV),2013,3563935,1758081,1805854,205583,201443,209025,210255,236217,962561,964156,424389,150306,"5,8","5,7","5,9","5,9","6,6",27,"27,1","11,9","4,2","64,8","38,2","26,6",1716045,1396417,274615,176858,2947884,"37,3","47,4","9,3",6,2524096,1039839,366905,672934,115019,61350,148534,131850,216181,"70,8","29,2","10,3","18,9","3,2","1,7","4,2","3,7","6,1",1443440,1021830,512540,332220,253910,1270,1638400,640604,446661,551135,"39,1","27,3","33,6","2,15"
Zuid-Holland (PV),2014,3577032,1764927,1812105,203588,200976,209298,209940,236867,955353,967675,441095,152240,"5,7","5,6","5,9","5,9","6,6","26,7","27,1","12,3","4,3","65,6","38,1","27,5",1729133,1392680,279429,175790,2963170,"37,6",47,"9,4","5,9",2521963,1055069,373121,681948,117312,61902,148805,132551,221378,"70,5","29,5","10,4","19,1","3,3","1,7","4,2","3,7","6,2",1447140,1035480,509750,333370,251290,1275,1639725,636665,448354,554706,"38,8","27,3","33,8","2,15"
Zuid-Holland (PV),2015,3600011,1776412,1823599,203186,201344,208885,210828,238584,950174,976733,455330,154947,"5,6","5,6","5,8","5,9","6,6","26,4","27,1","12,6","4,3","66,2","38,1","28,2",1751060,1388108,285779,175064,2986596,"38,1","46,5","9,6","5,9",2521950,1078061,383588,694473,119386,63060,149352,133094,229581,"70,1","29,9","10,7","19,3","3,3","1,8","4,1","3,7","6,4",1490960,1055690,491550,323250,238570,1283,1658260,651415,448964,557881,"39,3","27,1","33,6","2,14"
Zuid-Holland (PV),2016,3622303,1788203,1834100,201614,203301,207071,213280,237895,947886,986146,468228,156882,"5,6","5,6","5,7","5,9","6,6","26,2","27,2","12,9","4,3","66,8",38,"28,8",1772296,1384680,291411,173916,3010317,"38,5",46,"9,7","5,8",2519283,1103020,393078,709942,121367,63994,149698,133694,241189,"69,5","30,5","10,9","19,6","3,4","1,8","4,1","3,7","6,7",1509800,1061620,489510,324040,237340,1287,1671417,659249,451472,560696,"39,4",27,"33,5","2,14"
Zuid-Holland (PV),2017,3650222,1802768,1847454,200979,205256,205960,216404,238183,949396,995015,480017,159012,"5,5","5,6","5,6","5,9","6,5",26,"27,3","13,2","4,4","67,2",38,"29,3",1796136,1384551,296369,173166,3038027,39,"45,6","9,8","5,7",2518191,1132031,402834,729197,123328,65237,150227,134845,255560,69,31,11,20,"3,4","1,8","4,1","3,7",7,1523860,1066980,493450,330250,235680,1297,1685403,667800,453344,564259,"39,6","26,9","33,5","2,14"
Zuid-Holland (PV),2018,3681044,1818321,1862723,200064,207598,204832,219420,238761,955628,1000542,492990,161209,"5,4","5,6","5,6",6,"6,5",26,"27,2","13,4","4,4","67,7","37,9","29,8",1822078,1386154,300333,172479,3068550,"39,4","45,2","9,8","5,6",2517146,1163898,414974,748924,125483,66948,151007,136056,269430,"68,4","31,6","11,3","20,3","3,4","1,8","4,1","3,7","7,3",1543460,1083480,485340,335090,233670,1311,1701657,676480,456812,568365,"39,8","26,8","33,4","2,14"
Zuid-Holland (PV),2019,3673893,1815135,1858758,198027,204243,203103,218312,238293,957101,993662,498066,163086,"5,4","5,6","5,5","5,9","6,5","26,1",27,"13,6","4,4","67,8","37,6","30,2",1830923,1370910,301953,170107,3068520,"39,9","44,7","9,8","5,5",2483498,1190395,424534,765861,127382,68853,151886,135820,281920,"67,6","32,4","11,6","20,8","3,5","1,9","4,1","3,7","7,7",1560300,1085290,479980,330840,217480,1361,1701656,680142,455027,566487,40,"26,7","33,3","2,13"
Zuid-Holland (PV),2020,3708696,1833139,1875557,196953,204507,204027,218716,242057,970725,995733,508811,167167,"5,3","5,5","5,5","5,9","6,5","26,2","26,8","13,7","4,5","67,9","37,3","30,6",1860056,1373500,305355,169785,3103209,"40,4","44,3","9,8","5,5",2480091,1228605,440501,788104,129797,71163,152861,137973,296310,"66,9","33,1","11,9","21,3","3,5","1,9","4,1","3,7",8,1585370,1090120,483460,330910,218850,1374,1719988,691263,458060,570665,"40,2","26,6","33,2","2,13"
Zuid-Holland (PV),2021,3726050,1842669,1883381,195792,202410,205958,216172,244470,979721,994322,517506,169699,"5,3","5,4","5,5","5,8","6,6","26,3","26,7","13,9","4,6",68,37,31,1882632,1366024,307814,169580,3121890,41,"43,8","9,9","5,4",2472962,1253088,448827,804261,131867,73528,153522,139701,305643,"66,4","33,6",12,"21,6","3,5",2,"4,1","3,7","8,2",1589600,1101430,484710,333540,216780,1380,1729250,693442,464113,571695,"40,1","26,8","33,1","2,13"
Zuid-Holland (PV),2022,3753944,1857303,1896641,196231,201322,207646,216602,249456,992302,991003,527512,171870,"5,2","5,4","5,5","5,8","6,6","26,4","26,4","14,1","4,6","68,1","36,8","31,3",1912220,1362882,308996,169846,3148745,"41,5","43,3","9,8","5,4",2464270,1289674,463385,826289,133714,76107,153996,142085,320387,"65,6","34,4","12,3",22,"3,6",2,"4,1","3,8","8,5",1626840,1093480,483170,333370,217100,1391,1751086,710917,467602,572567,"40,6","26,7","32,7","2,12"
Zeeland (PV),2012,381407,189181,192226,19101,21248,23554,22329,19094,89764,110699,55158,20460,5,"5,6","6,2","5,9",5,"23,5",29,"14,5","5,4","73,7","39,3","34,4",155484,175381,27197,23345,317504,"28,8","55,2","8,6","7,4",320609,60798,41941,18857,2343,1840,2530,3235,8909,"84,1","15,9",11,"4,9","0,6","0,5","0,7","0,8","2,3",17170,50720,52090,88960,172470,214,169733,57296,57181,55256,"33,8","33,7","32,6","2,22"
Zeeland (PV),2013,381077,188882,192195,19018,20670,23399,22209,19170,88075,110105,57679,20752,5,"5,4","6,1","5,8",5,"23,1","28,9","15,1","5,4","75,3","39,2","36,1",155607,174480,27758,23232,317990,"29,1","54,9","8,7","7,3",319447,61630,42801,18829,2293,1826,2535,3233,8942,"83,8","16,2","11,2","4,9","0,6","0,5","0,7","0,8","2,3",18840,49140,52550,89110,171440,214,170584,58161,57248,55175,"34,1","33,6","32,3","2,2"
Zeeland (PV),2014,380621,188674,191947,18640,20253,23151,22181,19356,86456,109941,59704,20939,"4,9","5,3","6,1","5,8","5,1","22,7","28,9","15,7","5,5","76,4",39,"37,4",155994,173043,28406,23178,318577,"29,5","54,3","8,9","7,3",317864,62757,43574,19183,2280,1856,2557,3192,9298,"83,5","16,5","11,4",5,"0,6","0,5","0,7","0,8","2,4",15250,49250,52640,91840,171640,213,170777,58522,57171,55084,"34,3","33,5","32,3","2,19"
Zeeland (PV),2015,380726,188718,192008,18563,19867,22812,22156,19447,84759,110230,61500,21392,"4,9","5,2",6,"5,8","5,1","22,3",29,"16,2","5,6","77,5","38,9","38,7",156342,171993,29228,23163,319484,"29,8","53,8","9,1","7,3",316723,64003,44403,19600,2292,1868,2542,3168,9730,"83,2","16,8","11,7","5,1","0,6","0,5","0,7","0,8","2,6",19120,58560,54280,99660,149110,213,171284,59163,57305,54816,"34,5","33,5",32,"2,19"
Zeeland (PV),2016,381252,189115,192137,18548,19733,22161,22705,19351,83644,110643,62953,21514,"4,9","5,2","5,8",6,"5,1","21,9",29,"16,5","5,6","78,5","38,9","39,5",157417,171033,29789,23013,320810,"30,2","53,3","9,3","7,2",315661,65591,45070,20521,2330,1894,2534,3142,10621,"82,8","17,2","11,8","5,4","0,6","0,5","0,7","0,8","2,8",19810,58740,53640,99800,149270,214,171896,59917,57095,54884,"34,9","33,2","31,9","2,18"
Zeeland (PV),2017,381568,189337,192231,18252,19827,21588,22815,19353,82626,111045,64191,21871,"4,8","5,2","5,7",6,"5,1","21,7","29,1","16,8","5,7","79,1","38,7","40,4",157891,170401,30373,22903,321901,"30,5","52,9","9,4","7,1",314259,67309,45714,21595,2318,1940,2519,3147,11671,"82,4","17,6",12,"5,7","0,6","0,5","0,7","0,8","3,1",20560,57920,54750,98300,150040,214,172925,61188,57107,54630,"35,4",33,"31,6","2,17"
Zeeland (PV),2018,382304,189683,192621,18107,19835,21143,22819,19330,82229,111106,65522,22213,"4,7","5,2","5,5",6,"5,1","21,5","29,1","17,1","5,8","79,8","38,5","41,3",158857,169849,30819,22779,323219,"30,9","52,5","9,5",7,313142,69162,46600,22562,2324,1986,2507,3201,12544,"81,9","18,1","12,2","5,9","0,6","0,5","0,7","0,8","3,3",20700,58970,53670,99640,149330,215,173950,62101,57364,54485,"35,7",33,"31,3","2,16"
Zeeland (PV),2019,383032,190102,192930,18056,19479,20842,22739,19643,81992,110684,66911,22686,"4,7","5,1","5,4","5,9","5,1","21,4","28,9","17,5","5,9","80,4","38,2","42,2",159786,169163,31284,22799,324655,"31,2","52,1","9,6",7,312095,70937,47702,23235,2339,2076,2490,3243,13087,"81,5","18,5","12,5","6,1","0,6","0,5","0,7","0,8","3,4",20580,60490,52440,101110,148410,215,175079,62984,57583,54512,36,"32,9","31,1","2,16"
Zeeland (PV),2020,383488,190435,193053,17815,19449,20556,22380,19791,82084,109975,68124,23314,"4,6","5,1","5,4","5,8","5,2","21,4","28,7","17,8","6,1",81,"37,9","43,2",160450,168492,31700,22846,325668,"31,5","51,7","9,7",7,310962,72526,48543,23983,2390,2106,2490,3310,13687,"81,1","18,9","12,7","6,3","0,6","0,5","0,6","0,9","3,6",21380,60190,52660,101850,147410,215,175699,63571,57745,54383,"36,2","32,9",31,"2,15"
Zeeland (PV),2021,385400,191424,193976,17637,19428,20443,21969,20443,82768,109433,69425,23854,"4,6",5,"5,3","5,7","5,3","21,5","28,4",18,"6,2","81,2","37,4","43,9",162333,167988,32220,22859,327892,32,"51,2","9,8",7,311021,74379,49629,24750,2431,2214,2515,3424,14166,"80,7","19,3","12,9","6,4","0,6","0,6","0,7","0,9","3,7",21530,63410,50690,102030,147750,216,177236,64737,58212,54287,"36,5","32,8","30,6","2,14"
Zeeland (PV),2022,386767,192162,194605,17885,19276,20542,21467,20566,83657,108958,70500,23916,"4,6",5,"5,3","5,6","5,3","21,6","28,2","18,2","6,2","81,4","37,1","44,3",163985,167386,32425,22971,329064,"32,3","50,9","9,9",7,310324,76443,50625,25818,2449,2297,2533,3506,15033,"80,2","19,8","13,1","6,7","0,6","0,6","0,7","0,9","3,9",21810,64220,51950,101370,147410,217,178648,66022,58456,54170,37,"32,7","30,3","2,13"
Noord-Brabant (PV),2012,2463686,1229968,1233718,128729,139054,149115,148595,146927,628896,710009,315966,96395,"5,2","5,6","6,1",6,6,"25,5","28,8","12,8","3,9","65,8","38,1","27,8",1107577,1063297,162968,129844,2046788,"33,7","51,9",8,"6,3",2057362,406324,207750,198574,40504,15344,19054,50854,72818,"83,5","16,5","8,4","8,1","1,6","0,6","0,8","2,1",3,281500,543400,558260,596630,483890,501,1076557,358640,338610,379307,"33,3","31,5","35,2","2,26"
Noord-Brabant (PV),2013,2471011,1234038,1236973,127401,135690,149615,147391,148939,621469,711484,328609,100413,"5,2","5,5","6,1",6,6,"25,2","28,8","13,3","4,1","66,7","37,8",29,1115238,1058184,167150,130439,2058305,"34,1","51,4","8,1","6,3",2057530,413481,211565,201916,41130,15450,19126,51043,75167,"83,3","16,7","8,6","8,2","1,7","0,6","0,8","2,1",3,290400,553980,554870,593290,478470,503,1086264,365694,341224,379346,"33,7","31,4","34,9","2,25"
Noord-Brabant (PV),2014,2479274,1238668,1240606,124903,133436,148857,148103,150096,614639,714541,340526,104173,5,"5,4",6,6,"6,1","24,8","28,8","13,7","4,2","67,6","37,5","30,1",1125043,1051781,171364,131086,2072078,"34,6","50,8","8,3","6,3",2057780,421494,216125,205369,41673,15510,19220,50985,77981,83,17,"8,7","8,3","1,7","0,6","0,8","2,1","3,1",303150,545730,561720,593240,475440,505,1092270,368575,344035,379660,"33,7","31,5","34,8","2,24"
Noord-Brabant (PV),2015,2488751,1243856,1244895,123814,132039,147061,148218,151449,607216,719374,351519,108061,5,"5,3","5,9",6,"6,1","24,4","28,9","14,1","4,3","68,4","37,3","31,1",1135132,1045444,176417,131758,2085837,"35,1","50,1","8,5","6,3",2057428,431323,220807,210516,42094,15753,19202,50596,82871,"82,7","17,3","8,9","8,5","1,7","0,6","0,8",2,"3,3",347560,590210,529250,567270,454470,507,1103673,378724,344862,380087,"34,3","31,2","34,4","2,22"
Noord-Brabant (PV),2016,2498749,1249641,1249108,122145,131901,143727,150772,151140,602466,724080,361130,111388,"4,9","5,3","5,8",6,6,"24,1",29,"14,5","4,5","69,1","37,1",32,1145405,1040633,180705,132006,2100976,"35,6","49,5","8,6","6,3",2055722,443027,225686,217341,42397,15963,19172,50533,89276,"82,3","17,7",9,"8,7","1,7","0,6","0,8",2,"3,6",353290,598920,525650,568220,452680,509,1111506,383891,346659,380956,"34,5","31,2","34,3","2,22"
Noord-Brabant (PV),2017,2512531,1257518,1255013,121574,131583,141544,152518,152058,601219,727269,369887,114879,"4,8","5,2","5,6","6,1","6,1","23,9","28,9","14,7","4,6","69,7",37,"32,7",1157627,1037824,184676,132404,2117830,36,49,"8,7","6,3",2054706,457825,231192,226633,42940,16154,19223,50668,97648,"81,8","18,2","9,2",9,"1,7","0,6","0,8",2,"3,9",360380,603980,524070,570460,453640,512,1122806,392128,349141,381537,"34,9","31,1",34,"2,21"
Noord-Brabant (PV),2018,2528286,1266093,1262193,121281,131126,138789,154287,153189,603011,729512,378946,118145,"4,8","5,2","5,5","6,1","6,1","23,9","28,9",15,"4,7","70,2","36,7","33,5",1171402,1035227,188649,133008,2137090,"36,5","48,4","8,8","6,2",2054369,473917,238818,235099,43513,16559,19323,51288,104416,"81,3","18,7","9,4","9,3","1,7","0,7","0,8",2,"4,1",366800,619040,521840,570990,449610,515,1134720,400094,352290,382336,"35,3",31,"33,7","2,2"
Noord-Brabant (PV),2019,2544806,1275080,1269726,121483,129456,137086,153987,156201,608399,729633,386669,121892,"4,8","5,1","5,4","6,1","6,1","23,9","28,7","15,2","4,8","70,3","36,3",34,1185160,1034162,192021,133463,2156781,37,"47,9","8,9","6,2",2053980,490826,247014,243812,43988,16971,19472,52233,111148,"80,7","19,3","9,7","9,6","1,7","0,7","0,8","2,1","4,4",379160,624400,521170,569460,450620,519,1146307,407466,355485,383356,"35,5",31,"33,4","2,19"
Noord-Brabant (PV),2020,2562955,1284686,1278269,120710,128711,136362,152932,158019,616598,728961,394763,125899,"4,7",5,"5,3",6,"6,2","24,1","28,4","15,4","4,9","70,5","35,8","34,6",1199422,1034011,195372,134150,2177172,"37,4","47,5",9,"6,2",2054070,508885,255191,253694,44635,17466,19621,53190,118782,"80,1","19,9",10,"9,9","1,7","0,7","0,8","2,1","4,6",386610,630860,531240,562450,451800,522,1157461,413500,359137,384824,"35,7",31,"33,2","2,18"
Noord-Brabant (PV),2021,2573949,1290858,1283091,120483,127327,136287,149454,160052,624485,726187,401396,128278,"4,7","4,9","5,3","5,8","6,2","24,3","28,2","15,6",5,"70,4","35,3","35,1",1213749,1026850,198510,134840,2189852,"37,9","46,9","9,1","6,2",2051237,522712,261344,261368,45129,18001,19677,53969,124592,"79,7","20,3","10,2","10,2","1,8","0,7","0,8","2,1","4,8",395560,631180,535210,558290,453720,525,1165895,418098,363278,384519,"35,9","31,2",33,"2,18"
Noord-Brabant (PV),2022,2592874,1301018,1291856,122086,126750,136012,148000,162895,634285,722476,409008,131362,"4,7","4,9","5,2","5,7","6,3","24,5","27,9","15,8","5,1","70,6","35,1","35,6",1231539,1025237,200142,135956,2208026,"38,3","46,4","9,1","6,2",2050818,542056,269959,272097,45715,18564,19896,55219,132703,"79,1","20,9","10,4","10,5","1,8","0,7","0,8","2,1","5,1",405560,632240,541310,561660,452110,529,1181239,429751,366397,385091,"36,4",31,"32,6","2,16"
Limburg (PV),2012,1123075,556888,566187,47952,54009,61889,64135,67017,260015,352065,163943,52050,"4,3","4,8","5,5","5,7",6,"23,2","31,3","14,6","4,6","65,4","33,6","31,8",469556,497846,84757,70916,959225,"31,9","51,9","8,8","7,4",894926,228149,162854,65295,16795,3893,3093,12249,29265,"79,7","20,3","14,5","5,8","1,5","0,3","0,3","1,1","2,6",55070,271050,207800,285920,303250,522,512426,179157,166162,167107,35,"32,4","32,6","2,16"
Limburg (PV),2013,1121891,556461,565430,47466,52078,61386,63219,67475,255640,351185,169623,53819,"4,2","4,6","5,5","5,6",6,"22,8","31,3","15,1","4,8","66,4","33,2","33,1",471485,492999,86600,70807,960961,"32,3","51,3",9,"7,4",891823,230068,163531,66537,16864,4026,3127,12305,30215,"79,5","20,5","14,6","5,9","1,5","0,4","0,3","1,1","2,7",59010,267590,213470,281690,300130,522,516194,183642,166700,165852,"35,6","32,3","32,1","2,14"
Limburg (PV),2014,1120006,555488,564518,46955,50420,60179,62940,67520,251562,350149,174661,55620,"4,2","4,5","5,4","5,6",6,"22,5","31,3","15,6",5,"67,4","32,9","34,4",473271,487275,88583,70877,962452,"32,8","50,6","9,2","7,4",888168,231838,163748,68090,17006,4100,3128,12267,31589,"79,3","20,7","14,6","6,1","1,5","0,4","0,3","1,1","2,8",59830,266430,214780,279820,299150,521,516595,184147,167654,164794,"35,6","32,5","31,9","2,13"
Limburg (PV),2015,1117941,554650,563291,46082,49583,58807,62796,66881,247189,349203,179870,57530,"4,1","4,4","5,3","5,6",6,"22,1","31,2","16,1","5,1","68,5","32,8","35,8",474644,481826,90570,70901,963469,"33,2",50,"9,4","7,4",884372,233569,163643,69926,17036,4136,3140,12197,33417,"79,1","20,9","14,6","6,3","1,5","0,4","0,3","1,1",3,90630,277880,204110,262560,282770,520,519289,188190,167801,163298,"36,2","32,3","31,4","2,11"
Limburg (PV),2016,1116260,553877,562383,45256,49475,56618,63284,65859,244273,348355,184356,58784,"4,1","4,4","5,1","5,7","5,9","21,9","31,2","16,5","5,3","69,5","32,6","36,9",476690,476592,92144,70834,964911,"33,7","49,4","9,5","7,3",880385,235875,163493,72382,16989,4248,3149,12138,35858,"78,9","21,1","14,6","6,5","1,5","0,4","0,3","1,1","3,2",91890,279200,203590,261530,280060,520,521444,191353,168278,161813,"36,7","32,3",31,"2,1"
Limburg (PV),2017,1117546,555049,562497,45254,49052,54830,63966,65653,243121,346439,188625,60606,4,"4,4","4,9","5,7","5,9","21,8",31,"16,9","5,4","70,6","32,5",38,480487,472629,93529,70901,968410,"34,2","48,8","9,7","7,3",876990,240556,164120,76436,16991,4398,3173,12179,39695,"78,5","21,5","14,7","6,8","1,5","0,4","0,3","1,1","3,6",92590,278360,209000,258640,278960,520,525935,196422,168752,160761,"37,3","32,1","30,6","2,09"
Limburg (PV),2018,1117198,554944,562254,45079,48816,53113,63833,65651,242207,343193,193120,62186,4,"4,4","4,8","5,7","5,9","21,7","30,7","17,3","5,6","71,6","32,4","39,2",482854,468907,94736,70701,970190,"34,6","48,3","9,8","7,3",873541,243657,165007,78650,16976,4529,3204,12194,41747,"78,2","21,8","14,8",7,"1,5","0,4","0,3","1,1","3,7",96100,274520,211110,257250,278210,520,527922,198652,169708,159562,"37,6","32,1","30,2","2,08"
Limburg (PV),2019,1116137,554602,561535,44753,48534,51686,62892,65925,242315,338853,196970,64209,4,"4,3","4,6","5,6","5,9","21,7","30,4","17,6","5,8","72,5","32,1","40,4",484174,465512,95732,70719,971164,"34,9","47,9","9,9","7,3",869728,246409,165942,80467,16915,4730,3218,12261,43343,"77,9","22,1","14,9","7,2","1,5","0,4","0,3","1,1","3,9",96170,274770,211800,257280,276130,520,529711,200960,170069,158682,"37,9","32,1",30,"2,07"
Limburg (PV),2020,1117201,555327,561874,44626,47727,50927,61746,66719,243898,334713,200634,66211,4,"4,3","4,6","5,5",6,"21,8",30,18,"5,9","73,1","31,8","41,4",487219,462411,96920,70651,973921,"35,3","47,5",10,"7,3",866218,250983,167994,82989,17007,5037,3227,12411,45307,"77,5","22,5",15,"7,4","1,5","0,5","0,3","1,1","4,1",99720,277970,207750,256300,275470,520,532321,203728,171058,157535,"38,3","32,1","29,6","2,06"
Limburg (PV),2021,1115872,555149,560723,44551,46966,50900,59759,66813,245488,330087,203904,67404,4,"4,2","4,6","5,4",6,22,"29,6","18,3",6,"73,7","31,5","42,2",489789,457528,98022,70533,973455,"35,7",47,"10,1","7,2",862786,253086,168487,84599,17053,5313,3264,12528,46441,"77,3","22,7","15,1","7,6","1,5","0,5","0,3","1,1","4,2",103220,273740,209170,255860,273880,520,533542,205045,172072,156425,"38,4","32,3","29,3","2,05"
Limburg (PV),2022,1118302,556421,561881,45186,46839,50520,58583,68026,247950,325182,207478,68538,4,"4,2","4,5","5,2","6,1","22,2","29,1","18,6","6,1","74,4","31,4",43,495375,453761,98491,70675,975757,"36,2","46,5","10,1","7,2",860148,258154,170564,87590,17045,5736,3332,12701,48776,"76,9","23,1","15,3","7,8","1,5","0,5","0,3","1,1","4,4",105790,275720,208670,255310,272810,521,538405,210049,172984,155372,39,"32,1","28,9","2,04"
